Gamertag,Country,Account_ID,Avg_Weekly_Play_Time,Time_on_Mobile_Client,Time_on_Desktop_Client,Years_As_Player,Annual_Spending
CrimsonBunny8837,United States,76561198000032045,35.49726772511229,13.655651149166752,40.57766801952616,4.582620632952961,588.9510539684005
HappyPixel2394,South Korea,76561198000059463,32.92627202636016,12.109460728682564,38.268958868297744,3.164034182,393.2049334443264
TinyNova2890,Mexico,76561198000909768,34.000914755642675,12.330278057777512,38.11059744212085,4.604543202376424,488.54750486747207
BlueDragon708,United States,76561198000786712,35.30555662975554,14.717513665142508,37.72128267790313,3.620178782748092,582.8523440352178
TinyWizard,India,76561198000121548,34.33067252364639,13.795188551078114,38.53665330059473,4.946308318351435,600.4060920457634
BraveDragon3631,Norway,76561198000992548,34.87103787934198,13.026925339755058,35.47687762925054,5.993507201364199,638.1024479
BrightQuestPlays,Portugal,76561198000591569,33.02159550138701,12.366348309710526,37.683776152869605,5.185017246570912,522.5721747578274
CrimsonKnight,Australia,76561198000120278,33.739142938380326,13.35195897300293,38.373358858547554,4.9342734348999375,550.9041461052942
FriendlyCaptain,Mexico,76561198000739609,34.98777289568564,14.386235275676434,38.534497341555735,3.7734335777477135,571.2004089636195
TinyPixel76,Indonesia,76561198000945306,32.93654861844892,12.814128294972196,38.14516822352819,3.702806071553459,428.19938489532814
EpicGoblin7935,Brazil,76561198000806849,34.99257277495374,14.338975447662111,38.22580613162114,2.982607770510596,493.6060127179966
DizzyNinja8700,India,76561198000949565,34.87936082480498,12.584782999535266,38.087926070983805,4.213209203,523.3374046069357
NeonFox602,Australia,76561198000949902,30.532428967057943,11.961298400154098,38.42021557502538,4.546423164299585,409.64035107262754
SwiftHero597,Spain,76561198000126518,34.19033404372265,13.959226091609382,37.14466670004192,4.418541839,574.4158673313865
MightyMoose2701,Japan,76561198000642824,33.38797585315387,14.148725692056516,37.61995708279922,2.994543646659249,471.45273330095546
JollyMage5507,Finland,76561198000332006,31.737720372628186,13.636606052000127,37.213763093698624,3.857846842326294,462.7807421962299
SilentRobot4471,Portugal,76561198000030179,33.12538689728784,12.733861690857392,35.89409275,3.636132716,458.84769594494855
PixelQuest,Thailand,76561198000574472,33.33889932306719,13.01319469,39.38513659413844,2.920806160901484,408.7045475495441
JollyDragon2467,Thailand,76561198000052878,33.187812045932155,15.71538754,39.24411459434352,2.016575580831944,453.31567548003545
CleverFalcon,Japan,76561198000667227,33.61785606282345,14.989592555825254,38.19050380039796,4.564548550437977,606.0610388
FriendlyNova,Philippines,76561198000604999,33.91278511115979,12.365492025516156,38.60779252420698,5.099937357614995,535.7057438060227
SunnyTurtle8713,Singapore,76561198000252068,34.50308725671972,13.87798369625634,38.44102133556604,2.059151939957077,420.9387748391792
CosmicOtter3863Main,Poland,76561198000441190,32.53160448,14.378562784168986,39.73400628989712,2.7451477874052825,437.51560572936256
CozyOtter1495,Switzerland,76561198000352682,33.903250973372074,12.657575922065584,37.77260376125875,4.419302308553184,520.3409891307888
SwiftWizard3721,Italy,76561198000657905,35.50755099852662,13.893669504071738,38.63575587790592,6.205153970601026,701.9170916173961
LuckyRaccoon9175Live,South Africa,76561198000012751,34.02933195350689,12.765812645482358,38.73852494557909,3.2217359920452187,424.17999168059777
SwiftNova1423,United States,76561198000640780,34.54123131310037,13.78389178427502,37.430649621049305,5.148199316428601,620.8956398616368
BlueGoblinQuest,Taiwan,76561198000764289,33.33598963740772,14.007819424388568,38.85177916943607,3.496364526268539,487.83893476506273
NeonQuest5287Quest,Portugal,76561198000079766,34.11020505771776,12.982044994015611,36.29308775436051,4.423488745527437,530.5376653
SwiftDragon8970,Argentina,76561198000280706,34.10543794246846,12.965020002997898,38.27781174207212,5.242577519573315,555.7220838330761
CozyRaccoonHQ,Germany,76561198000166813,34.24190043446127,13.305417813429443,37.16364817104465,3.562368145311689,498.5866713004408
ChillLlama5488,Norway,76561198000334273,34.46105629551836,11.869163814130363,36.62244242064545,3.971413452477678,448.6879065360586
PixelMage7149,Malaysia,76561198000720043,33.175501237949376,14.387492105579694,36.69417498569782,4.843062915388998,589.7126055095755
BrightFalcon3845Main,Ireland,76561198000828208,33.72836000313375,14.10450724,39.878040506759845,3.3200972339734696,492.0732236795197
RapidLlama632,Colombia,76561198000417299,33.82030994541536,12.634893252550466,36.36862632536302,4.6245852967146535,508.4418323396167
FuzzyPhoenix,Netherlands,76561198000795689,34.61603789276768,12.936386499892285,39.76864099802668,4.149286157714702,522.8835731664784
FuzzyComet,Ireland,76561198000116830,32.72165236050904,12.75502370305383,37.76572236,2.347370423339508,348.7769266318726
EpicPanda,Belgium,76561198000317448,33.86532717,12.984417523634924,38.0443614,3.952388582630727,491.7386321439546
TinyTurtle7160,Japan,76561198000150834,33.74936818112046,10.954975969174418,38.38831486719822,5.150491269094463,479.1703340540876
SwiftRobot9266,Chile,76561198000711081,33.56723048027511,13.489013215743665,37.37147981406854,4.722436225,538.8461952695957
EpicHero612,Argentina,76561198000415254,33.07054622092545,12.733106220383402,38.53429101112127,5.171275460906252,533.7517875818365
CosmicWolf,Taiwan,76561198000563142,34.01954798572344,11.634561317920278,38.49669014561275,5.146119976606155,502.8744302842695
GoldenPlayer4732,Taiwan,76561198000433163,34.79203907501622,13.507525374016035,38.14286198458455,4.714495086037866,592.1971781805905
SunnyMage,United Kingdom,76561198000359480,33.89398062181101,12.52987820576495,37.888086054199256,5.143258549800133,548.2443434159983
SwiftFrog,Mexico,76561198000697862,33.04448612744043,14.41493473585169,37.11243501077792,2.758686386946843,449.2298292
CozyFrog9333,Chile,76561198000799119,35.555767994657494,13.170525424959395,40.13109673366661,4.163105491283854,550.8605905
CosmicKoala3214,South Africa,76561198000480108,35.56455770619167,14.14655143290706,38.33544589432572,4.376875176923767,594.915003
ChillKoalaQuest,Argentina,76561198000310147,33.726784597863976,13.988510147185291,37.46200325853961,4.613226122724209,564.6728733601082
SilentFox784,Indonesia,76561198000029582,34.117218732994786,12.86412635894251,37.58272776540628,3.702531199210734,480.73194908594513
TurboMoose7027,Ireland,76561198000783022,32.66104982274608,12.398064190096813,37.59445670006827,3.698399271684906,417.3583535799008
NeonQuest5560XP,Mexico,76561198000380004,34.25633546983111,14.85806246213124,38.78026468722867,6.476768126,726.5848140556805
CozyMoose8753,Spain,76561198000944589,34.90022441401576,11.956790967791653,38.266878259420906,3.452668957921736,443.6672517
SilentLlamaQuest,Austria,76561198000833102,35.18777482695728,11.320116255059192,38.45340510152358,2.5948917061051766,385.6265715694054
BrightPlayerGG,South Korea,76561198000199329,34.76206923913139,10.98451439654646,36.93344930095986,4.355471685,452.4574468676027
SunnyCaptain1820,Brazil,76561198000913236,35.390163664343326,13.64519514084352,39.46832110587932,3.374596910303952,523.4041413
BlueMoose733,Portugal,76561198000744652,34.92529660119954,12.588655423353044,36.25224202243303,3.892050489073839,484.6733080190456
NimbleLlama,Poland,76561198000554892,33.68822929602445,14.761532847115612,40.25293095040623,3.495761182613056,521.8987944502368
BlueWolf6156HQ,Singapore,76561198000802661,35.30187022,11.56829468563276,37.17312563197192,3.815224753915403,454.16950235469744
PixelPlayer5663Arcade,Germany,76561198000914781,33.843930222655175,12.832286222863628,37.81401056250368,3.971919136541748,497.6507081
SwiftPhoenix892GG,South Korea,76561198000514667,34.75499472831927,13.06415663219932,38.271221692501925,4.470555628075349,548.3651405940458
TinyLlama2053,Norway,76561198000060350,34.879784289702826,13.495591602384836,39.05260975257308,5.139320331857264,617.8515229667128
CrimsonMage8468,Greece,76561198000970313,34.07653560709715,10.607314687519166,37.49399254673739,5.581210092491108,508.21256900067846
BrightNinja,India,76561198000235609,33.22729913636721,14.728627177429864,38.99702800956553,5.302630630523376,614.5993233689068
FriendlyComet,France,76561198000473225,33.789772618310714,12.670065919118978,38.40874848,3.914688422504897,484.15972078451705
NeonNova,Canada,76561198000735339,33.77260992960089,14.276313008175377,37.60077705432864,3.962298847460372,541.2634004105403
BlueWizard2049XP,Greece,76561198000506273,35.374258045247466,16.126994288792467,38.15762409406526,5.877593583586978,766.5184619388372
SneakyNova,Argentina,76561198000834919,34.07871721,13.695789749023144,36.358444307206696,4.501786345798084,554.6015346844503
SneakyKnight1199Arcade,Philippines,76561198000995375,33.80522040097184,12.835476087614284,37.375066106372905,3.939590559550077,470.3108614953106
NeonMage2409,Austria,76561198000274220,33.43075793005128,12.306232344673576,38.68040322813719,3.2795207192736093,409.62018782983785
EpicDragon708,Chile,76561198000260627,33.179099972602344,12.187538910878676,41.005181638101895,4.052649767426518,452.5756852
JollyWolf6224,Denmark,76561198000126463,34.15417578832186,12.887494133971662,37.265000697022046,3.1022871120328714,445.96655165329264
SilentPenguin,Portugal,76561198000013247,35.33589583979252,13.22893471,37.15719115,5.194322274442824,596.8228366992037
SneakyHero3782,Czech Republic,76561198000287738,33.38625185558597,11.674653472691904,39.00658317947767,3.901522344515509,419.1500810968496
SunnyWolf,United Kingdom,76561198000532899,33.80869759268502,13.817113090284248,38.03153921676629,4.351578800358466,535.7771880994133
BluePixel,Malaysia,76561198000037644,34.87974496798125,14.58780608,39.260353442660126,3.758112883,579.2416050583773
HappyRaccoon5351,Indonesia,76561198000303945,33.04983939045731,13.238057349986248,39.73086173541955,3.620568914816974,479.7193568742153
FuzzyDragon1400,Finland,76561198000181718,34.55520742143224,12.55182116621942,37.628834292811774,3.337943164069798,445.2859074976436
LuckyMage3848,India,76561198000573464,34.14207932732039,12.433379933334455,36.89243163440533,4.970282584120023,545.7798637193825
FriendlyCaptainHQ,Canada,76561198000228474,33.59718265981362,11.889566863427978,39.21257083414733,4.942054329011166,489.7860610939056
BrightRobot,Sweden,76561198000446615,34.167136876950536,12.928842093866267,37.91463331144087,3.664943995285113,476.7590678
NeonCaptain5033,Malaysia,76561198000732294,32.51473785780198,13.595671305072534,40.60037647,4.251734552089051,490.8124879964614
GoldenBunny2596Main,Finland,76561198000526805,35.59402114954151,11.947258584185183,36.88399438701215,3.659754443950926,463.8976361529081
MightyPhoenix1143,Philippines,76561198000114075,34.50136982210362,14.898081993497067,38.05891282,4.630562809236323,597.4301726172283
SunnyGoblin,Portugal,76561198000634740,33.40237101796123,11.875559548189257,38.78114255999947,2.414089924,339.3198626415221
DizzyHero5682,Taiwan,76561198000812859,35.65548567957987,11.33807269503854,37.15725594420065,4.896651901097083,534.5149352552407
JollyFrog4434GG,Poland,76561198000044435,32.809300316679185,12.634668217942473,37.182539282355286,5.613319474870622,537.7718993628412
QuantumNinja5491,Taiwan,76561198000925789,34.877779300122526,13.517666287393077,38.15192066097144,3.169941624279581,488.3793060170291
JollyPlayer466,Ireland,76561198000253855,35.447871436480774,11.607723870859086,37.81909551318471,3.866463743372933,474.7289665129948
MagicKnight,Turkey,76561198000671596,32.95630056052337,13.8288934,37.951616684246815,5.071213023779052,548.1259317471988
BrightKoala882,India,76561198000731440,33.60558364,13.068816079691766,37.1050005,4.417451119136939,506.1133435398579
SunnyWizard,Greece,76561198000457594,33.49144660312287,13.530357373542882,38.87521910003027,2.976139050596411,450.0703194428044
GoldenFalcon,Taiwan,76561198000703013,34.616018552595435,14.516284296962846,37.77312349371806,4.625584363255396,612.0000251040717
SwiftRobot,Brazil,76561198000369075,34.47160052695171,12.662263431208276,37.05024078202619,4.497255377622667,516.8288148548279
CozyHero,South Africa,76561198000647283,34.71065305912268,14.664747875183542,38.72438615760942,1.8626740800013843,440.0747667
MagicQuestQuest,Belgium,76561198000855916,33.19772379742183,12.83023109487895,37.63385670229112,4.693324635532072,515.0889577
SneakyPlayer1192,Austria,76561198000194536,33.46121244511541,14.291143045352882,39.633625651583536,4.371003400176416,544.3401663
NeonPlayer,Switzerland,76561198000798750,34.790387206952126,12.942340869536071,39.06341358683894,4.581802695,522.1429518103512
SwiftRobot3264GG,Thailand,76561198000190870,35.18382052058911,14.349912944366531,38.827394227862136,4.752006105620936,615.7153338263417
NimbleCaptain,New Zealand,76561198000315635,33.288666909138946,13.020112091208748,40.074400211336965,4.411708668370663,508.39006178986654
GoldenKnight8633,South Korea,76561198000115234,34.82635200907213,13.084091730811034,36.89035795567322,3.521671821710012,496.2994425473086
SilentGoblin,Sweden,76561198000305843,33.49839307472945,14.410759184940549,36.99048895,3.684618661620886,519.0645579840107
NeonComet1205TV,Italy,76561198000141892,32.885406299911764,12.281931074103642,38.385317552778375,3.377224878259828,391.1032729724755
PixelFox9441,Canada,76561198000074083,33.425697279750864,12.448901535513796,38.58019042917731,3.0869679851624765,421.7376732446371
CosmicGoblin,Indonesia,76561198000059365,34.43782956230187,13.595420346380532,37.26203180012439,3.469640227,493.1050523891852
NimbleCaptain7069,Czech Republic,76561198000292191,32.38958548,11.994223919350974,39.07445241970454,3.928859903928013,411.06961105998295
SilentDragon6197,Ireland,76561198000669199,34.46869994900622,14.085505760060858,36.84582711383271,3.426940235492512,498.5136833293677
NeonPixelHQ,Colombia,76561198000774795,33.291756100263015,13.190474287309026,37.15246208860067,4.281823039343296,495.55186108657256
ChillBunny5075Arcade,India,76561198000726130,33.06377462,11.719149740628396,38.71250863884946,3.504742535925674,379.3309069068038
HappyNovaXP,Argentina,76561198000405115,34.15569970295208,13.931550271647987,39.16643555663392,4.354473855602961,571.4517259
SilentOtter,Australia,76561198000809044,34.35687434475742,14.45212895943564,39.50300885,3.818822278930894,550.0082269346927
EpicNova,Singapore,76561198000248271,32.85307480174657,13.149375491578276,38.32533422381935,3.861814624383144,460.2851235
SilverTiger6635,South Africa,76561198000452518,33.01230076824544,13.178331333996288,38.71598617762173,4.222561172893833,493.94505306595823
SunnyFox3499,Belgium,76561198000245076,33.388451625505326,12.010482132400076,39.415041581538325,4.043547050182998,425.7626355099111
PixelPenguin2603,Spain,76561198000273609,33.65318145878372,12.60253219348616,38.30968877,3.289461516374708,423.42677587650905
SilentHero,Colombia,76561198000400176,33.93133644189654,13.732211588456623,36.60082054911087,5.9859767341605234,643.1015787311585
SunnyPhoenix5683,Switzerland,76561198000605298,34.235606500693855,12.223368888365105,38.69230086128235,3.094189721,414.3717831104521
BraveBunny,Colombia,76561198000826355,34.92579489547876,13.01102187657459,37.701052315547926,3.253424168758119,480.23109291159307
BravePanda6582,Thailand,76561198000142476,34.05926409135838,12.725910097840954,36.9990993,5.504820577490747,594.0772413447512
BrightRaccoon340Plays,Italy,76561198000680197,33.401731827354666,13.089309572437347,39.3099079,4.373337568743252,507.5473070543516
CozyPenguin183,Belgium,76561198000369834,34.88994100692418,14.068638584182434,38.54052035512257,4.298725319,572.3074948754644
CozyNova539,India,76561198000984014,35.56938121869345,13.85499036656409,36.00748225744693,3.792797662575647,577.3111774
QuantumKnight,Argentina,76561198000443451,34.70160519868888,12.56402236806554,38.67321036564864,5.216104987209577,577.8025473995871
EpicBunny,Argentina,76561198000866941,34.26833021768797,12.113329897404322,38.38794554263559,4.518726609737513,515.2395207
SwiftNova6140,Norway,76561198000387050,32.35847719243701,13.809883473378118,37.54966799,4.137701279515837,496.17595044947535
TurboTurtle6510,Netherlands,76561198000938628,34.01479221522831,12.76117232548311,38.57016384471318,4.334169666632599,515.3365582674007
JollyQuest8130,New Zealand,76561198000689825,32.57613197132227,13.57989417361806,38.09326487011031,5.031986606666632,542.2265839893283
CosmicMoose9394,Indonesia,76561198000014215,33.657268594778124,12.957923064554109,37.63465232853774,4.606055151602658,517.8315566841785
QuantumWolf,New Zealand,76561198000867592,35.709323296131586,11.651793783474174,38.14600652898046,3.718265385097856,469.4457372274064
SilverPanda,Argentina,76561198000587672,35.53665918,13.75207661096469,37.71413783923341,3.783663455404016,549.2803201983364
BluePlayer,Indonesia,76561198000975699,33.77171501,12.540832436151057,38.526421027792445,3.424020724598205,432.6177337614297
LuckyTiger,Czech Republic,76561198000248074,34.700400456822415,12.924394923280015,38.245032469967526,4.405250309,553.9403454501057
CosmicWizard52,Greece,76561198000268610,33.43977025334846,13.42413041,39.94882502753235,5.420318406118319,574.3062222574563
FuzzyKnight2700,South Africa,76561198000296904,35.31216699740784,12.810586764578169,38.41413357473937,2.973596120847858,453.627255
FriendlyKnight8247,New Zealand,76561198000109475,33.45517628513712,13.759168978762087,37.599112354294384,4.631276648377655,543.7115581025776
ChillCaptain5766,Germany,76561198000759164,34.540976791782235,12.85189083494272,38.42454792226391,2.2677307075942403,408.8040306356823
SneakyPanda5330Main,Singapore,76561198000431366,34.358398281424215,13.70368792886871,37.10091445210865,3.224108202,483.3535703213531
NeonTurtle6676,Taiwan,76561198000506068,33.686129256115166,13.215252424902488,37.59436168489157,4.397115859957253,530.2300901235094
EpicWizard,Australia,76561198000204830,35.558294609144475,12.28144500356714,37.49440648,2.991671541288354,434.0487690958266
DizzyGoblin1561,Ireland,76561198000049054,34.54774794,11.735362917985055,38.45837473122323,4.363425442205035,477.1914133494556
QuantumPlayer,Portugal,76561198000110749,32.95490385663484,11.963131776054832,38.327282689879496,4.078633900393988,440.9978799
CleverComet,New Zealand,76561198000400859,32.06621816163759,12.735094549013704,37.59937399114725,4.458892264366097,449.9332932076743
SwiftTurtle,Australia,76561198000985523,32.85125312860836,13.418961981005012,36.97765170714366,3.751741770306888,473.9922466667984
SneakyGoblin2196,Greece,76561198000531713,33.609282635640405,11.537307537840883,36.73055240228659,4.414384667246393,464.9235129903258
CozyLlama4148,Ireland,76561198000958579,33.11511906601424,12.919242397939174,40.29404346247573,1.9435150746515453,351.0582001638451
FriendlyRobot,Italy,76561198000053785,34.924624809512075,12.911415556879854,39.27470219571763,3.410037916541069,461.0612773912433
CleverRanger6853Main,Spain,76561198000128709,34.477190403003306,13.48806700205303,37.51838358912681,3.8455709758422434,506.7711403229565
RapidKoala3348,New Zealand,76561198000165662,33.116400120928155,13.380694979552985,38.23200330765404,3.5895277822700096,464.4849954
BraveKoala295,France,76561198000314345,33.25590120444978,11.480506832694497,38.33866962178549,5.014122441132637,480.73193764530447
NimbleHero8519,Belgium,76561198000292219,33.69239221858063,13.296517680733736,37.95155521050133,2.3258846690261428,425.18549428888633
SilverQuest,Hong Kong,76561198000622014,33.38473265900513,11.86160419912899,37.584437621758106,4.493656512525085,466.8893127108669
BlueMage,Malaysia,76561198000099685,35.33872939,11.716355140061571,39.30720401,3.152158304851241,427.7752159856604
DizzyRanger6965,South Korea,76561198000306059,33.88710464561531,13.387184173554845,38.431159098326106,6.901228837806773,685.1634310159513
MagicComet2123,United Kingdom,76561198000925012,33.51021799444433,11.984835888186163,38.396497475332055,5.891275125020632,556.8925953881737
LuckyTiger1944,Spain,76561198000565080,32.945395748344524,13.965761479512215,37.96638889642577,6.576653638440144,658.0199239
BraveFox,Greece,76561198000428206,37.13966248879052,13.050267234380506,37.95964319393419,4.364860739234278,596.8038188761142
BlueWolf3246,Colombia,76561198000701653,33.44952156114242,14.45772494051235,38.23880567308968,3.441410754428091,504.9783790525795
MagicWolf,Taiwan,76561198000164356,33.29464154956504,13.44304789043987,38.32784803784372,5.584861308602489,587.1558701804728
LuckyTurtleGG,South Korea,76561198000100864,35.60331111938746,13.207298491050794,34.91384724758464,7.422689335035807,745.2218671047146
ChillFox2533,Brazil,76561198000836166,34.59852032,12.586319529181234,40.09462702670515,4.10439856,513.8253581285203
MightyMoose,Hong Kong,76561198000047978,35.56868084571511,12.378087087773377,39.304471191707776,4.284932110130406,529.2238093680072
HappyPhoenix506,Turkey,76561198000216121,33.83810016055479,13.364341604455198,39.03910938707497,3.809182328,469.9135013219844
EpicHero2843,South Africa,76561198000358022,34.50370517913956,13.399436075147092,36.01280603355904,1.468622115741769,358.59143941508603
SunnyRaccoon5493,Canada,76561198000372431,34.30188161463884,13.54248105078634,39.31136489758187,4.268561962709896,537.4231045259343
BraveMoose3858,Denmark,76561198000964730,31.879484344127498,14.280432242922112,37.93615937845674,4.085160635161344,491.2065999848546
PixelNinja9178Quest,South Africa,76561198000917140,34.15425475700075,12.795886676889108,38.65861690944284,5.020353377496559,551.0475805761635
NimbleKoala8611,Norway,76561198000068197,33.04780097886789,13.718039174525655,38.66110668399285,4.175848800018441,514.4505711860965
NimbleComet953,France,76561198000620961,34.63080076787103,13.039647840787236,39.92408705,3.373007508505152,498.8119300055205
CleverCaptain,Chile,76561198000987939,35.04663802802127,13.474455453922836,36.03785615944759,4.555775961742958,579.9862585804898
MagicBunny8511,Sweden,76561198000197144,34.644177000440536,14.160020040286032,37.40774745,3.515175298743708,507.5363931400864
CleverLlama,Thailand,76561198000847755,33.65462160732388,12.052323653306688,38.63300941664362,5.217102512825834,502.74923330839226
ChillTiger2937,Japan,76561198000039798,34.42874704259606,11.636761083696548,38.57883524203316,3.426396448726688,422.96679418586734
QuantumComet,Norway,76561198000608627,32.86483254809873,14.44340598514625,37.87831536782346,2.861086946869883,440.8912804768136
SneakyMoose156,India,76561198000620372,35.48238804881123,14.28303286832567,36.90729842685246,5.468742673728142,667.1255917
SwiftRobot635,Peru,76561198000014353,33.529768731474434,12.747731701242175,37.93988205032054,1.3015157200042076,299.76200786180766
DizzyFrog3377,Netherlands,76561198000982980,34.432231396262715,11.859608533152713,39.83567008085342,4.169225611315444,466.1766233052969
ChillRaccoon8079,Taiwan,76561198000396079,34.30857161628053,12.691686125826353,38.480911976267066,2.2157771665531145,374.8857236969501
NimbleHero3266GG,South Korea,76561198000402473,33.33263706834172,12.548761439776756,39.57651554990162,5.273503047345896,533.7174856761748
CozyPixel,Netherlands,76561198000286261,35.71345123397026,12.72400223179126,37.81385766052378,4.587837272921703,555.9007830202702
MagicCaptain3279,Malaysia,76561198000150259,33.635877998189926,13.178573080885846,36.67425603,4.631755039569861,538.7731625414566
JollyPenguin,Belgium,76561198000436283,34.07570303157222,13.319845062066673,38.81915511227683,3.9427992020016864,502.1002452
LuckyPixel5039,Sweden,76561198000557257,33.23014911593311,12.084360836740512,38.95968432,5.224027439824315,518.1651355939779
MightyTiger5954Arcade,Switzerland,76561198000138364,35.142863372870714,14.17777453,39.856041708111945,3.730973843287556,558.5292736134538
BrightBunny,Czech Republic,76561198000671848,33.49719846,13.832802836968115,38.67924462448078,3.472271382079821,494.719193
DizzyKoala,Philippines,76561198000483002,34.12239998431699,12.509047996817198,38.25305774145061,3.682329731786818,453.1226250857849
PixelCaptain,Chile,76561198000352052,34.088529366211525,12.85766344472502,37.08693433,5.306349618785283,578.2734549822936
GoldenKnight6796,Hong Kong,76561198000204983,33.53379686092211,13.293365838346627,38.06462119956545,4.120364988,486.9231305248517
BrightBunnyMain,Portugal,76561198000309890,33.48426048276214,11.93325227854703,37.54550622682937,3.761324744787093,426.7450920310528
SunnyQuest6014,Mexico,76561198000801553,33.54345917,14.332839284456396,38.964390331775896,4.097459968849925,538.2150526997326
CleverOtter,Peru,76561198000377501,33.28312306113335,11.902556227019767,37.094241952849465,5.289201624179895,525.6379646141049
FriendlyMoose,Czech Republic,76561198000783547,33.200798643965314,13.276981712741968,39.23260622710401,3.816464744702911,479.8853913201482
FuzzyRanger,Czech Republic,76561198000923393,35.71331650656199,13.038808239866547,38.63529940965426,5.132460945972205,613.3852298963607
QuantumPanda,South Korea,76561198000526769,33.71251232693568,12.724473856834608,38.15315160406014,3.808443000674604,477.7667241547634
QuantumRobot5998,Thailand,76561198000471761,34.69489765096749,12.202669899735568,36.49396408005127,4.515986640445781,506.1196375282037
CleverRanger5458,Sweden,76561198000489863,32.57020082932026,14.378063328893631,37.33780003116479,4.869366793790984,546.9454921414049
FuzzyHero,France,76561198000775997,34.45947684896434,12.38861261864104,38.90913871755985,3.066639844,435.0216997527185
SilverPhoenixGG,Indonesia,76561198000040765,32.82099820167207,11.771074062599588,38.278639793707605,4.019032433953923,425.6752810132133
BraveRobot,Austria,76561198000256874,33.73322416398153,12.81857176,38.10203133,2.003854421225295,353.5501081630003
SilentRobot,Taiwan,76561198000899094,33.40714829999668,14.808798675105962,38.42676891745393,5.539955263662929,663.9610878058954
BraveTiger1304,United States,76561198000032642,34.506092281309364,12.659832840871443,38.28139282998597,4.978712608,561.5601606242603
GoldenTurtle576,Belgium,76561198000358012,31.836432674773427,14.100109538542808,36.90772142967966,3.861612984538193,468.5019004269896
SunnyMoose,Italy,76561198000822837,35.87849495417028,14.067895684999526,37.67822227440393,2.420715478175647,505.8704323933724
BravePlayer,South Korea,76561198000235131,35.007211972221654,13.49432293326939,37.04545942048616,4.830714461860564,591.5627196
HappyTurtle4177HQ,Greece,76561198000706342,32.52575241696822,12.340035931978807,38.03951365322458,4.311248170807232,444.9656268098819
CrimsonDragon8454,Greece,76561198000978184,32.04722213948752,12.199660962300452,39.68870909942437,3.5887639575315755,393.4973991890214
ChillTiger4271,New Zealand,76561198000537145,35.59577669439264,12.332487778094174,36.45986279714474,5.041695256706066,569.7175759305223
FuzzyKnight5239,India,76561198000617381,35.96760988717724,14.919494396088172,38.952013186883086,5.566696864020983,713.3963268096636
ChillPhoenix5349,Chile,76561198000985425,33.29524762622046,12.03135834040919,39.252978273334655,3.6074686827074633,414.29599918102974
ChillHero,Peru,76561198000141533,34.324240521849696,12.084584086421872,37.77601657686874,5.246989703,563.0820453929382
EpicQuest3467GG,Argentina,76561198000411211,33.903454333014224,11.54264542398311,36.53386350026307,3.591826869545788,413.0129313
BraveFrog6272TV,Germany,76561198000700426,33.55949313011333,12.79779551488024,38.77736579677647,3.6956257763719886,469.6684655991273
CleverPixel,Norway,76561198000591433,32.76561882104241,13.442616548294634,39.13171202563648,4.350279639096426,497.55408163560713
GoldenFrog,Finland,76561198000554140,35.08164619679617,13.104542428062686,37.05964597986499,4.474522480483529,549.5185292758069
TurboKoala7344,Colombia,76561198000834705,34.304431285296005,13.378490222808672,39.76429717446252,4.3438489214952885,537.1308968550214
BluePlayer9140,South Africa,76561198000615107,35.33075044367848,14.722453676229962,36.773116391246816,3.409008460485079,559.4272571753238
NeonRaccoonHQ,Brazil,76561198000604820,33.07894757956938,13.725909323593957,37.54466409871873,1.6390935384245742,358.8637186383917
BrightPanda1233,United States,76561198000618576,34.60579899891236,14.68511889962359,35.89198326749108,3.1852848361090778,530.0566631985306
EpicPanda6039,Japan,76561198000855341,33.74515048083576,11.012583366223025,39.35495987026449,3.608911449181274,388.35707273642186
JollyTiger,Turkey,76561198000809176,33.12236479579778,12.435533874300315,37.22355746230224,5.352842407156433,529.9336185650203
HappyMoose6751,Peru,76561198000372678,33.53082944110282,13.354607081759855,38.12234520816764,2.807552421,421.91615953269286
MightyFox6050,United States,76561198000783613,32.736635686050285,11.748533655415798,36.73870747121452,5.335528667,497.9334462555319
JollyLlamaGG,Netherlands,76561198000852353,35.11756669418932,12.59187166512224,38.743619699549896,4.1785893989539975,520.3729768
SunnyFox7616,France,76561198000489778,34.63662445812838,12.236506758754029,38.67502073290805,5.754708925941115,592.4377355684503
DizzyHero3357,Switzerland,76561198000563929,35.33486453305801,12.109456333168431,39.585854757332655,4.392891480211255,503.4097853029053
TurboPanda6945,Mexico,76561198000878586,35.814983943728855,13.114944955194904,37.28872395038688,4.889455226416517,605.3348400688554
SneakyRaccoon1792,Mexico,76561198000415482,35.642669758092204,12.866481205181705,38.71777057005867,4.503325039023281,556.0683941
SneakyNinjaMain,Czech Republic,76561198000553964,33.83694076702139,11.25654903128796,37.14390845634163,1.2895199078816917,257.67058229005585
MagicTurtle,Denmark,76561198000319443,33.29964716350497,13.168596472860555,38.073616172195656,4.903369830866465,548.1109823629461
SneakyNinja,Singapore,76561198000222238,32.94801742116136,14.085356892368791,38.60565280041329,3.148596770203317,462.92087689289787
CosmicKoala,Argentina,76561198000064423,33.72731919612472,14.013375627349651,37.65127791701514,2.867848224385222,459.3769106506301
MightyLlama822,Spain,76561198000915211,34.94624061993669,11.98397673,38.95148946,3.5507129732180167,437.2834981467513
CosmicRaccoon,India,76561198000538072,33.35147815076609,14.105158522307253,36.57484166706179,4.141497161540088,533.9352188376637
ChillFox,France,76561198000977046,35.173752023676585,13.144748536704864,38.25803145871123,3.897363092819078,513.5525343564015
FriendlyFrog,Norway,76561198000146025,33.97518182625784,14.90991551102909,38.79223754313027,4.797686524285517,631.4227632299235
GoldenFoxGG,Mexico,76561198000740960,33.00475302036483,12.395209434440888,38.33281445580523,4.303364999065175,464.74598112062944
GoldenBunny9388,Thailand,76561198000019268,35.19705969450868,14.033566182687188,38.07679515601331,3.1334199887174443,494.1802162
TinyWizard5966,Spain,76561198000278845,34.177204666060376,12.622777173031125,36.96889569049678,4.134093727357596,502.2091726816533
ChillMage8997,Poland,76561198000104040,33.69323953887129,13.600750401563928,38.37011822360151,3.967014066009709,502.9282648732441
SilentDragon7574,Netherlands,76561198000298171,32.62536013483061,14.187910985159364,38.06708996741924,1.994310895199508,377.3369007569242
BrightCaptain,Philippines,76561198000597965,32.26064686987952,14.266760352944496,37.97119509745716,2.767251114447051,422.3266312569514
MagicLlama1965,Belgium,76561198000101184,32.72076990028731,12.752343171850052,39.57360522634684,5.523934200606659,539.7749335
SilverRangerLive,Colombia,76561198000482735,33.922610758349414,12.56811634209842,37.90937820695247,2.971750669720034,399.1634685
TurboWolf3111,United Kingdom,76561198000589136,33.68624509039022,13.63857212219212,37.09722093,4.797737481971207,572.4710341154246
HappyCaptain985,Poland,76561198000972385,35.05094675856064,12.388644575171451,40.08156474568163,2.9369588757864635,452.6286105401996
TurboLlama,Hong Kong,76561198000432114,33.454552537551066,12.82298329832392,37.94612578169275,4.156983926688143,491.6004425003995
NimblePlayer7495,Turkey,76561198000488549,32.28344747605816,13.725677367222987,36.96566746423624,5.500243360514445,592.7810894256675
NeonDragon8186,Switzerland,76561198000061164,33.98002919845364,12.201159766003189,38.68933697894965,2.912830960970926,410.0704720533178
SwiftNova5725,Philippines,76561198000859951,32.909626827522736,12.34726361146273,37.32365246819823,5.814354141170213,564.4460356732392
SilverMoose8844,Denmark,76561198000570934,35.40240964824356,15.220979108167343,38.52319665049046,4.5777750980104255,648.6194557251926
SilverCaptain,Colombia,76561198000040374,33.95976431107423,12.546275759510358,37.947953692845566,3.7750706813095327,449.34042501104767
CrimsonPlayer,Japan,76561198000332483,34.780156763295054,12.91763618310149,37.84473381504451,4.134996006306897,519.7864830920807
SwiftTurtleLive,Taiwan,76561198000351168,33.67294353,13.276056984463208,38.19279353222784,4.482471513107057,524.6339351357243
TurboFalcon3574Arcade,Canada,76561198000648196,33.72852076313786,11.131712461927217,35.84561239331277,3.787701824074408,394.8573709860865
LuckyPhoenix6498,Finland,76561198000773788,34.40992258786484,13.026942222615626,37.13389429009422,2.8133498845806395,427.1545477
BluePlayer3011,New Zealand,76561198000652592,32.72420252384518,14.172287495263063,37.19975347391624,4.057813698186696,504.3878872879605
LuckyWizard8842,Greece,76561198000245258,33.711119299295326,13.326291385476884,37.67387835766538,3.850279287544909,483.6024673294826
CosmicHero1096,Spain,76561198000699126,34.13665525,14.891313421778491,40.22071295098572,3.4070949348220267,525.7976275698039
FriendlyCometQuest,Brazil,76561198000520864,35.37939438496412,13.930928541308226,37.36024719793431,4.292711955151589,575.6548433659395
LuckyWizard6072,Philippines,76561198000591489,36.530904145898624,12.379257182400217,37.63610411908917,4.529453828152192,575.7472196620896
CrimsonFox4736,Malaysia,76561198000818064,34.24726795047748,15.069382336483995,39.99332245115573,5.478475793470261,661.4251842914138
SunnyHero,Philippines,76561198000463733,33.096108993845185,11.804890557641668,38.37276214632111,3.1995620549722683,376.3984554102431
TinyCaptainLive,Austria,76561198000075729,36.039283064909725,15.426491050422625,38.37418350489759,4.430615327,641.1877400085721
CrimsonRobot877,Hong Kong,76561198000948151,33.55052657442161,14.041244588162265,37.655208083959465,3.956233823526301,515.0098178487356
EpicPlayerTV,Mexico,76561198000794975,33.58249357081853,12.739743796165987,37.85481082475086,2.6820169698233887,377.4968407
BluePixel2025Live,Austria,76561198000408395,34.29698192462649,13.49105873801881,39.238940853091385,3.2095266269292764,485.5198091105511
MagicKoala7667,Portugal,76561198000151765,34.10833615,13.892374513653694,37.52738830431376,5.094116864603191,615.7296376283244
BlueCometHQ,Hong Kong,76561198000472842,34.902717794463925,12.668866514553862,38.34126616101072,4.75698329,568.4750105270774
TinyLlama,Belgium,76561198000624491,35.55528258670921,12.777772039564963,38.97982686004657,4.284273087078304,555.0030934
CrimsonLlama1524,Spain,76561198000936045,34.73264839262621,13.138793877121689,37.853882459920776,2.123419609,400.98387159812256
CozyFrog6844,Indonesia,76561198000012540,32.600512200303285,13.222967446546058,37.82275323,3.914506240305249,480.17285149109694
MightyWolfPlays,Italy,76561198000075203,35.318927438542204,14.402331896928285,38.29204470528371,4.106086888908173,586.9318442972224
SneakyRanger3755,Norway,76561198000390095,35.00648891839723,13.956276605432244,39.655094538522064,3.775733705185027,541.9957391083377
BlueKoala7459,Poland,76561198000279659,34.54047906012372,13.884124621344766,37.22604169397467,5.507271986589903,629.0478039330167
QuantumTurtle4037,Denmark,76561198000813946,35.43642583784763,14.325469096138631,37.76860309148005,3.871258113,583.4919237338106
MagicOtter1999,Philippines,76561198000656862,34.55169913754013,13.15858523387948,37.57513377612486,5.953969474611709,641.7861663983061
NeonFalcon4227,Japan,76561198000846725,32.818616566769066,12.22654566351062,36.669935165958194,4.2558693892629655,447.4186733701357
SunnyPanda9693,Greece,76561198000203080,33.36312129411639,13.461135435006732,38.74560774187829,5.164258497238649,571.6300980875259
BlueNinja,Poland,76561198000600695,34.191570884444964,10.846124908736233,37.876313233417314,4.306670948562994,424.3083340974698
BrightTiger,Taiwan,76561198000992284,33.19249882778649,14.32541218598226,37.897294609068695,5.549927474652407,617.6602860166826
TinyLlama8878Live,Finland,76561198000142633,33.60790271932764,14.677245841523792,38.74469969514907,3.371947536151015,531.3624688854229
SunnyPenguin8541,Chile,76561198000894598,33.26200310699493,12.644969546399302,38.02687697079434,3.7367328142505314,443.3631173838644
SunnyPhoenix4752,South Korea,76561198000656505,33.27184828087499,14.485008988077055,38.55088041321525,3.586337272317325,512.9798599920658
SwiftKoala4314,South Korea,76561198000747844,34.79512493081247,12.620996507575208,39.41946853,5.059699083258959,561.4437921717631
MagicHero,Peru,76561198000995086,32.65480967569276,14.014459152355208,38.78903634703419,3.5102097779609496,476.26342372754846
ChillQuest,Denmark,76561198000761586,34.07773079450243,12.466984219092826,36.67572763082013,2.309229592,375.2696745439231
CleverCaptainMain,New Zealand,76561198000269618,32.312349599444346,12.684904192367505,39.71707629773135,4.094295099901167,464.59141802794056
SilentQuest,Switzerland,76561198000608602,33.87273861448019,13.09396635537946,37.62077385548951,3.549195743789432,472.6028844
GoldenLlama1058,New Zealand,76561198000352971,34.708153408093004,15.325654943309248,36.72182733,4.1343402240734415,627.0186727
BraveKnight5608,Peru,76561198000096996,34.908565031728365,13.914846634589116,40.06886445133981,1.9823596439649784,433.47206125141577
BlueTurtle4850,Czech Republic,76561198000364033,33.312909745943095,10.82440177,36.74277912557426,3.421350140816143,357.6155678900057
CrimsonPenguin322,South Korea,76561198000700709,35.394326648449855,13.807751833234732,39.55103028983871,2.3100798764120296,468.4278485003528
MagicFrog9018,Australia,76561198000477138,33.42330472721988,14.05827792714326,38.26387556144864,3.873104673991114,504.2173931191067
HappyNinja5222,Portugal,76561198000403377,34.539396346976595,11.534553499461076,38.03479128933126,2.7147975193939367,379.4735664479011
SwiftCaptain3489,Belgium,76561198000103780,34.37401692609311,12.143433077943628,36.94639914639545,5.954463277564527,585.2183134866808
TinyFalcon7873,Portugal,76561198000298598,34.79475594486519,11.982805534662877,35.81063145023747,3.701801722174991,452.7278633175868
SilverOtterTV,Chile,76561198000053149,34.7709001,12.153966054877388,38.24032955207884,5.229484541572504,558.6341089957288
FriendlyPenguin,Canada,76561198000214614,32.30919264089182,12.947175323941773,37.19083323650043,3.705529764506833,433.7207178399336
SunnyCaptain4495,Denmark,76561198000952064,34.612563354981084,12.47056500466582,38.06168877,4.302511438790271,507.4238599698002
NimblePandaArcade,Turkey,76561198000310330,34.39826012958678,12.03785041365591,39.61733445368848,4.616340467131812,511.1598172791045
RapidNinja8667,Denmark,76561198000311113,34.622591840455804,12.167356897497289,36.62658733096311,5.962500764129899,588.5747994806404
BrightNinja9277,Canada,76561198000857064,31.4925367,12.562936246652605,36.97656497174036,1.9816166268553608,283.4712457199145
JollyFalcon4307,Netherlands,76561198000259822,32.904857131013614,13.22772827968665,37.98591347608606,4.271420131891555,474.94985742281614
BlueRobot5854TV,Singapore,76561198000025196,34.02642035,14.18681287300118,39.06692960186935,3.398299577888636,490.90805309753534
PixelTiger9172,Portugal,76561198000303436,33.975192902963855,14.394451788942057,38.80697766984659,4.069046515858519,542.9722037582585
FriendlyBunny,Japan,76561198000598150,31.81620064887634,12.85139874307314,37.92504303887863,1.5845853030221226,267.0863409
SilentLlama2535,Austria,76561198000512984,34.91401511732236,13.266503838947584,37.57503097579012,3.5234744460455456,495.6871558102853
TurboPixel,Mexico,76561198000315421,34.30267220801569,14.459222289832477,37.33952101023726,6.066384892,690.7876041747194
SwiftWizardArcade,Portugal,76561198000526717,32.91207592920061,12.792971821961505,37.25781911850192,2.8951681299791368,388.5347163057077
CleverTiger9143,Canada,76561198000468849,33.40855895733437,11.98574015235435,38.36839124072731,4.004833486,442.8966315178863
CosmicWizard,Turkey,76561198000611095,33.64461690576892,13.637557159364276,37.51708576,5.726687712532107,605.8413188212227
GoldenMoose1883,Portugal,76561198000693092,35.10227850874102,9.508152176032604,36.46240008104617,2.338210702250114,303.1895478
SwiftComet9985,Finland,76561198000446453,34.24850620315415,12.656592033851751,37.54860515461888,3.863411393785737,480.6148116731426
CleverDragon,Italy,76561198000727330,35.72908016563062,12.966898076780602,37.54759627699103,3.457448756503683,507.1323424
SilverWolfMain,France,76561198000546625,31.39318454,12.80298577760313,37.315763151803424,2.5838141920346707,320.9288698031936
RapidPhoenix1957,Colombia,76561198000388345,34.38411057,13.677401437121034,36.62253059,4.180847338174777,529.3092250312227
NimbleQuest,Indonesia,76561198000217272,33.878474365657695,14.032534975943191,38.87095205416159,5.193732057983859,611.1280331303979
SwiftFox3233,United Kingdom,76561198000263779,35.501417852783966,13.44761745405695,38.53453024067718,4.508352234634593,585.1058850493533
EpicTiger,Chile,76561198000338959,34.56647438959015,13.235659245108506,38.27757337619507,3.032044061507893,467.4211988217437
PixelWizardHQ,Belgium,76561198000304540,33.84879283,11.973162084317348,37.60950715426321,3.3709869096996963,405.8245288726869
MightyNinja3262,Chile,76561198000933930,34.531860130613246,14.665769794267849,37.90022076162611,4.015688256202335,565.7909690079206
BlueKoala8793,Thailand,76561198000821763,34.41906734548329,14.391120179234008,38.19419104646396,4.569916619,597.516698
HappyPhoenix8239Plays,Netherlands,76561198000771263,33.495418773654315,13.96832561098067,39.296110372778266,1.7004838567566694,369.65478494706446
ChillComet,Hong Kong,76561198000384631,34.67402747501462,13.968893130527093,38.33310741829708,3.729450904,543.4124767293989
DizzyBunnyQuest,United Kingdom,76561198000650563,34.26463207316392,11.732131340303663,37.14579171248221,4.586566338485993,479.26212639683575
SwiftFalcon3967,Norway,76561198000200728,33.76245596030955,11.952353380458652,38.64629178743077,4.519470351595002,474.3604956
HappyFox188,Indonesia,76561198000113440,34.47947160188164,13.60888879370027,38.22939451627662,4.705903889533483,560.1990479544186
SilverTurtleLive,United States,76561198000624076,34.785207205733194,14.039511025284968,37.31272657154038,2.5181946292873114,448.1876443054186
NeonKoala,Netherlands,76561198000025882,34.21718784289895,11.999683661085925,39.44276668680506,4.743812816726185,506.23006828207065
RapidPlayer5305Main,Switzerland,76561198000651060,32.12809004961663,14.278956228597716,38.38718052656558,5.126075291951958,558.2526867470547
CleverKoala,Peru,76561198000525646,34.36951735608769,11.62794922615627,39.04031366664072,3.502957023,423.3687366068266
TurboTiger,Indonesia,76561198000163635,33.837893053239185,14.185181167368498,36.92159518889928,2.323595182991803,446.0621855089249
DizzyQuest,Brazil,76561198000349502,31.574363684171367,12.351049011250833,38.08884657968332,4.578308001651641,443.0644137580656
BlueOtter1890,New Zealand,76561198000292642,33.27459383033916,13.954811454937932,38.10881638,4.189916615447592,534.0400601788124
MightyPixel9240,Indonesia,76561198000325435,34.14423399987652,12.73704063527238,38.93518904595916,2.690132185380053,425.2028270990325
CrimsonPandaHQ,India,76561198000922378,34.48551976,12.887345302061831,36.86244707788159,3.7067566975868704,499.6355985
CleverMoose,Philippines,76561198000855318,32.97648006146129,11.757130926114415,37.59586794587455,2.477007127843059,331.5944460341002
EpicRobot6063,India,76561198000156528,33.13386240984833,12.612650769570312,40.24880390433504,3.849245382527182,444.4418600624623
FriendlyQuest,Canada,76561198000723806,33.302553103111435,12.97906148391534,39.26906069147024,4.032861579556474,479.6009159
NimbleWolf,Greece,76561198000053000,32.82797905546526,13.461147444665416,38.42899736939191,3.4747368150832405,441.0027475469415
BraveRobot526,Philippines,76561198000721002,33.018074010632084,11.079463451952432,39.07066426,3.1181653103960847,358.7831107453153
HappyPenguin,Greece,76561198000890819,33.997459002491695,13.589240561061525,38.33224074655334,3.3040136926903942,477.1392469
TinyMage5799,Japan,76561198000423116,32.81642833419931,15.28801459,37.77386136993079,3.4644978762354017,502.1224915036564
NeonMoose,Poland,76561198000897470,35.46151473966461,12.917115695587762,38.76668677332467,4.8508878437244665,593.6884532021675
CosmicRobot9205,Colombia,76561198000875649,33.34279623166797,12.40964461636565,36.77778217066089,4.372432042,487.0834255029927
JollyRanger,South Korea,76561198000808882,33.30274837339047,13.815392648610311,38.95780983454751,5.115426306527649,577.0252441251166
LuckyGoblin6039,Denmark,76561198000323633,34.06644065628263,12.673229254101274,38.84065507750671,3.227209453758874,443.7228915742714
CozyNinja8353,Switzerland,76561198000729496,34.89464038846548,11.61053651970745,38.97738873797974,4.037123879902206,462.7909590614097
FriendlyNinja4125,Czech Republic,76561198000836811,33.765664587506606,13.506548190327935,36.82346666642284,3.62650949,489.3875258
DizzyGoblin,United Kingdom,76561198000776592,34.76981237165136,12.304462307422884,38.83397172859896,5.637816745950984,594.1564014822196
JollyRobot1441,Ireland,76561198000148744,32.81248255972426,11.886921180951674,35.897827688311345,3.6286388557446334,393.8103449837973
HappyComet2910,Ireland,76561198000646678,33.00850451785513,13.095889485093478,37.37750903434099,3.678952405053448,444.19722102875545
CosmicPlayer,Turkey,76561198000064772,34.30433661798984,13.692661429739388,38.33359061333867,4.327375915107567,536.4807751896418
FuzzyFalcon2320,Norway,76561198000320387,33.189844729273545,12.386775551280651,39.19748324839899,5.308320372869162,534.3965537868428
NimblePanda9375,Philippines,76561198000697201,35.935605105644306,11.728418539377822,37.88119240747175,4.548510087289211,533.1274491097012
LuckyRanger,Denmark,76561198000850305,34.55165060797954,12.936895159842097,36.90025278215821,5.0433324132930855,559.9481123879059
RapidPhoenix5637,Singapore,76561198000320624,33.38696867463189,13.717995102314037,36.12882235312117,3.981062133125168,509.7719067
TinyKnight,Norway,76561198000989671,34.34450868519732,11.969802874106238,36.97457811,3.127624971434411,404.7669020956173
CosmicKnight,Canada,76561198000463657,34.67275789,14.420545742201174,38.76369040280343,5.294312263402832,641.5840618984408
EpicNova870,Ireland,76561198000280877,35.00207092262163,12.85468192110211,38.49189221040693,3.261861926301417,462.62827839108616
EpicQuest9336,Finland,76561198000137483,33.65539704223188,12.91885970932454,36.71626915951701,2.6596760229888288,383.4161078654751
FuzzyFrog,Brazil,76561198000693639,33.054261851184755,14.149669557991398,38.65040020345744,4.6956144126751305,562.8746577
CrimsonTurtle2201,Mexico,76561198000516575,34.22877226969563,13.685393899848076,37.04898625036686,2.639403004485981,445.57614413373005
SunnyFalcon,India,76561198000571998,33.077590044329135,11.347876945661575,40.04515569638811,3.934559723,402.0331352191061
QuantumTurtle,Denmark,76561198000229961,34.981005579787784,10.316289204373824,37.91495154541398,3.3684281816397523,385.3260571375157
NimbleNova6609,Philippines,76561198000324373,35.17951756796679,13.581547729914536,36.4442647,3.637068975480682,528.7829957560522
QuantumLlama,Finland,76561198000425151,33.60273898042012,12.764447589452988,38.92270381,4.025806412195225,483.1449969
CleverBunny6606,Singapore,76561198000809952,33.03054971621298,13.644202118863696,39.00182746752369,5.538107493844868,595.2744834186117
SneakyWolf3383,Sweden,76561198000431637,34.100357750772915,12.832112231483734,37.841491638054855,4.112239152,503.0925279023197
JollyPlayer,Sweden,76561198000481889,33.99059904291544,11.441235061603203,36.93896250240334,3.395075162804356,408.6571788
JollyMoose,Japan,76561198000179337,35.385820292995376,13.729719510423308,37.232109802584205,6.205940716620838,709.9351848669819
SilentComet8199,Norway,76561198000981472,35.357196268204405,10.477777607959723,38.90601452014432,5.547022551,532.9615505451646
PixelKnight123Plays,Germany,76561198000935909,34.70511279750195,11.163179060052556,38.76304108154524,5.278973636034998,522.2407802357948
CosmicHero9897,Thailand,76561198000759408,33.40429504598358,12.608997936221536,39.11045690682496,3.466558885,448.3690271993314
ChillRobot,Philippines,76561198000168945,32.82934645592113,12.268259230574026,37.95696543,3.1689197733345025,386.152338
DizzyFalcon,Spain,76561198000644779,32.36621216718768,12.163159542913276,38.088319364334765,4.120354588804087,431.58888255648486
CrimsonMage4874,Malaysia,76561198000766449,32.44744649412782,11.101632204781014,39.04345265084127,4.738296188412728,419.6027421
TurboRobot3061,Ireland,76561198000652715,34.58294683702328,13.76153127820102,37.90818962373682,2.9793398232086954,479.9514047578855
BraveTigerXP,Poland,76561198000426241,33.39742194430904,13.055340161330117,38.68546548721554,4.006967573635258,484.7965220614929
MagicWizard,Turkey,76561198000670170,36.03744996157605,12.935934966559184,36.78392374450292,3.810150346576856,539.9419745
CrimsonBunny5856,Italy,76561198000382843,33.78494023263413,13.451200012438312,37.66579136924871,4.035802467873828,487.1637990666317
QuantumRanger,Spain,76561198000129975,34.97172204,13.284467067067208,39.29572526401705,1.6304769604319769,386.0950070687634
RapidCaptain1623Plays,Greece,76561198000571816,34.38599019075222,13.782171794760185,36.55077226680613,3.7287176862706497,528.7837897574573
EpicBunny2395,Poland,76561198000780756,34.556555671402755,13.960307128914414,38.951946317735135,3.8459223210048927,548.1907493518986
SwiftCaptainMain,India,76561198000096405,34.58737339024554,10.95399500605983,38.34573893439929,3.7156668270219866,411.6029439492151
BraveNova,Malaysia,76561198000933910,35.18818406101828,14.130021664776669,36.42933438847124,4.290552136880443,584.9778019715428
SilverRaccoon9781,Ireland,76561198000263753,34.59396354804201,12.520566788562215,37.18913179541947,4.061215271431083,475.5323294398898
SilentRanger,Portugal,76561198000295074,34.236265721508744,11.972554314292411,35.57402758718963,3.431619534651152,415.9350606518193
JollyLlama2884,South Korea,76561198000647592,34.20891970058922,14.53191346185937,39.95246252162795,3.5465406206892376,551.8133677324173
TinyPenguin2614,New Zealand,76561198000618610,34.63781167586591,13.039502370469922,35.48718474774243,3.239200466766662,459.78113168424994
SneakyWizard9759,Malaysia,76561198000136761,34.59048580327403,11.942069621017652,37.17049420248099,3.283963128204522,408.5421680134348
HappyGoblin8071,South Africa,76561198000527702,35.195508030962635,13.664192622515646,38.02715036476952,4.830407444211276,582.3089329
TinyPixel2939,Malaysia,76561198000664004,36.86023651335309,12.730661394277831,37.88214908,3.916209978,547.5566668627299
CosmicHeroGG,Philippines,76561198000232251,34.48193057257537,12.918670307379347,38.31770494919684,3.836339382004185,504.1750851912004
LuckyPanda1997,Malaysia,76561198000044774,34.25823783380398,12.514949066574868,38.128039498322295,5.162845304002564,550.1315733
BraveTurtle3918,Sweden,76561198000983029,33.319857972167306,13.418113202231622,37.155336204959546,3.722080766760957,483.8309858617018
CrimsonLlama2403,Germany,76561198000365732,33.43083857908201,14.887275413385504,39.38195597213616,4.272969024644707,558.6082620533542
EpicDragon4522,Turkey,76561198000969014,32.44597248275779,13.846499067474369,38.86921693600857,3.920149530164856,485.87696493512857
RapidFrog,United Kingdom,76561198000839093,36.74266980593494,11.889828283005029,36.565436237139735,6.615198945760052,670.9871405017029
TinyPenguin5460,Philippines,76561198000783712,35.012619460656374,13.914570094327916,37.04620351842453,3.988029991222591,548.7099885778625
FuzzyPenguin1194,Colombia,76561198000539178,35.14039342796294,12.568526641744768,39.918748541019504,4.582855278762214,538.8252822957112
SneakyPixel1724Main,Mexico,76561198000362202,33.37798965892753,12.971750786570595,38.19936752783635,3.3296995751470893,409.2169017707518
CosmicNinja9512,Netherlands,76561198000357961,34.17233109074306,14.07869243953642,38.329818625212354,5.905406467229508,664.0748176067602
CozyGoblin3524,Japan,76561198000964224,34.24732220295966,12.956426484854196,37.51734612,3.951750709833103,507.37586675019753
FriendlyDragon,Taiwan,76561198000811764,34.59891333929404,14.252737094184228,38.30596141998359,3.435577273740486,529.4193296952955
BravePhoenix,Chile,76561198000283929,34.08529799058909,14.093537281195058,39.31564796064117,5.250360071,633.1235881419656
LuckyFrog6632,Australia,76561198000748521,33.278443347919655,13.527471744522868,37.688366542504845,4.031402303058899,489.2702979651482
DizzyDragonGG,Thailand,76561198000438259,34.441553044751224,12.235968954252517,38.05261630809583,4.404479379627935,509.7357409506604
CrimsonPixel2525,Colombia,76561198000099215,33.86530120924307,13.074830167957376,36.56917031744619,2.899079789790412,412.1869635742789
SilverGoblin,Colombia,76561198000729945,32.526197898239815,13.045331979699332,39.50588332918249,3.347709026474498,410.09452619233787
EpicPixel,South Africa,76561198000590354,34.000849640152055,12.230743306761044,37.99529016635977,4.281703565,468.8009243667916
PixelNinja4639,United States,76561198000131763,33.088380630448206,12.90784409977911,36.18912244437772,4.849778419,513.1658664
SneakyKoala,Czech Republic,76561198000846045,34.26544447284578,14.05221038516131,39.77566529611688,5.074287716419565,609.2718166151668
MightyHero7139,Malaysia,76561198000844283,33.992573196692234,14.004362005673078,37.98504141740091,5.120416384895069,590.0264897562791
CleverMage,Chile,76561198000800504,34.86318870719846,12.52352268106905,36.93804523,3.5130325004194374,445.0538265727727
SunnyGoblin6650,Chile,76561198000883824,33.59209322575472,11.314717921893896,37.72902940108787,5.291108744558267,494.18126139071865
SwiftWizard8720GG,South Korea,76561198000621545,33.381034590963445,13.433128529733452,38.62690680204789,4.834001444341368,533.7248055
NeonKnight,Japan,76561198000683198,32.517121802506225,11.745188554182882,39.79123468689964,1.9288238768282668,276.9184206503857
SunnyPanda,Thailand,76561198000967992,34.45430192604019,12.016755636715027,38.63731096,4.637000388171067,512.0387860511611
EpicQuest738,Brazil,76561198000187726,33.21552741998912,13.216854693359824,37.95395970110429,3.410530822492482,439.4177420114685
BrightMage1040,United Kingdom,76561198000914250,32.673915503274955,13.329147021418828,38.07437106706513,4.482462318955639,476.7250679098812
NimbleCaptain640,Chile,76561198000777214,34.717554613005134,11.80696607,37.01231723045213,4.201229217020273,484.54319386538816
FriendlyTiger631Live,Japan,76561198000330058,34.21547157476038,13.135101396955722,38.14209368933963,6.3405058759314255,664.8036932755082
ChillDragon,Poland,76561198000820915,32.574138022873235,13.94155572990243,37.72527682557127,5.060396067343641,545.4092721605869
CozyTiger3904TV,Mexico,76561198000359780,34.89457038870139,14.300299363336556,37.393683855020775,4.9900020655598345,631.1567281670505
CosmicGoblinPlays,Colombia,76561198000881566,34.12869268643142,11.39845771308564,37.68339299807869,4.359817998874009,462.11224843060927
ChillRanger,Portugal,76561198000410567,35.37032705,12.887800415781037,38.86144725932397,3.5466201888222324,492.9115050963458
EpicTurtle8456,India,76561198000774619,35.08026009173408,12.591439703136588,37.456898410524325,5.152854446136777,575.4156896079882
EpicPanda9940,Germany,76561198000902648,32.42522688085481,14.27147504252467,38.23984661097634,4.522102909528949,531.7667187
FuzzyPanda2595,Norway,76561198000901433,34.62530726457669,13.988220598633102,40.67259095594186,4.469417759107739,582.7987976770314
NeonCaptainMain,India,76561198000452753,32.86274111,15.039867262521906,38.02226898591233,4.2382251733253336,557.2981411740467
MagicTiger,India,76561198000188375,34.29258730730077,12.906507762219915,39.42286529341121,3.8766875,503.1327892
SilverBunny4767,Austria,76561198000766593,34.74922777081331,12.13714030231066,39.40137368953426,5.095522708601322,557.1863688687886
SilentPixel212,Canada,76561198000896163,35.14496898723948,13.902664889103926,37.61119877576035,2.7239934582520533,476.0716298996618
NimbleOtter8701,Colombia,76561198000079605,32.12397434991195,13.386516256494852,36.63211221551042,4.788486770885737,487.9470538397658
PixelNova,United States,76561198000705123,35.27824787999725,12.822721745594304,37.30854529439036,2.617382542,435.1442020262987
SwiftPhoenix8691,Austria,76561198000607676,34.66661568345138,11.98576379,37.35250276938114,1.4364975973183265,305.1355915788555
SwiftKnightXP,India,76561198000883043,33.25997326555701,15.132893457553363,38.023479236405706,4.262070442711566,572.2160048349454
QuantumMoose,New Zealand,76561198000011064,36.43316530057876,12.912210479900578,37.08964365766702,4.500963586,584.0796356620574
SwiftHeroGG,United States,76561198000753784,32.96732095,12.481587147836263,40.24096484164356,4.032517164539353,446.74984123965226
GoldenPlayer,New Zealand,76561198000338173,33.149060522105984,11.04731473507118,38.18144731064989,4.035088427618945,393.9922559140308
FriendlyGoblin,Czech Republic,76561198000284427,34.918844177834046,13.428736927868275,38.30536187928602,4.658214652664192,566.9943634015268
SilverFalcon4692,Indonesia,76561198000783700,34.20061634140451,12.965980266792482,37.831535850846905,4.049036057426973,500.1401524490539
JollyFox6844,Chile,76561198000614962,33.53677489754807,12.121366060509414,37.97937237345656,4.629254688094536,511.5394216996283
HappyWizard,Australia,76561198000936800,35.08366330162949,9.668349517101325,36.906756365793065,2.7524459633808416,309.52774655803336
MightyRaccoon5392,Philippines,76561198000615289,34.02502013857587,13.504219807675254,38.64583878801402,4.551382465375181,562.5165319790891
TinyHero,Japan,76561198000539449,32.26810421075072,13.132509111641538,36.45679815,3.5720761414868827,424.4705331738239
CosmicNinja,Chile,76561198000899852,33.21292383005795,12.732991461588078,36.633953947400784,4.831863026751083,514.1531118530668
CozyBunny9750,Netherlands,76561198000714825,34.499506100675546,12.946590884981754,37.486325072393406,4.437862643180167,530.1945188649573
MightyTiger6955,Canada,76561198000524523,33.90485366735398,13.556107616938167,38.80550943244919,0.7699010899842742,315.4385182951061
FriendlyFalcon,Singapore,76561198000274493,33.204654645678524,13.480701517118195,38.680287608367976,3.7794662600656097,479.5842860083426
SwiftNova,Australia,76561198000977387,33.67515450844823,13.594194066191111,38.68387537364701,3.0717778354776577,445.5821649786528
BrightOtter4651,Germany,76561198000669632,33.99838766242905,11.946841939586896,38.64780805527063,4.326030617537514,476.0154070877503
QuantumFox2648Arcade,Poland,76561198000776993,34.94311858,12.48419869378604,37.83936583281821,2.902453833414224,437.7205558562188
SilentWizardMain,United Kingdom,76561198000195974,34.55210836340867,12.120870867123784,37.80837605948795,4.527813842,522.1953105318003
BraveQuest4000,Colombia,76561198000946298,34.67683086814267,11.971392430875488,38.72236711094261,4.129339915268192,479.1830597118797
CozyFox6844,Austria,76561198000066521,33.64194636558817,12.588948579712495,37.32214091690131,3.689609941879746,433.48116855701767
QuantumFoxHQ,Peru,76561198000023128,34.42121218172261,11.706641521307748,36.76615350038372,3.893975043434297,439.30370784642975
MightyPhoenix4993,Singapore,76561198000966317,33.76707608122926,12.07625934092972,35.77975050203264,3.074948470025072,389.9405487921943
MightyWolf,Poland,76561198000331721,34.11995442833815,13.953262542191796,38.03427958207978,3.9720213800343775,535.7714849461672
BrightKoalaTV,Finland,76561198000900965,36.37187609232446,11.572466600106116,37.86218334634355,4.698349060814376,538.9157529213054
JollyMage,Canada,76561198000733726,34.97608258,12.658036814224134,38.42527868006791,2.586348146609663,408.8763782204976
TurboPanda,Poland,76561198000484792,35.03416353106073,14.592512657946294,37.83865678634849,4.105933917733071,619.8459704239658
QuantumWizard,Italy,76561198000881417,33.77049215854934,12.37176736,36.26149811626243,4.534386130357466,503.77107456549606
SilentFalcon9212,Austria,76561198000366631,34.50381038174352,12.233414953540922,38.21115258135112,2.820550249888456,398.4205841
SneakyCaptain4464,Mexico,76561198000735755,32.874551694585364,11.290350765056484,37.929761561703394,3.991093337009152,393.2852442462675
BrightFalcon348TV,Thailand,76561198000435905,33.53323998265473,15.121783839255324,39.40632901011416,5.820093863780987,690.2356997616951
LuckyMage,Chile,76561198000373265,35.85131416586477,13.41554196333362,38.67232248424959,3.630538462464844,544.1326262891694
HappyRobotMain,Poland,76561198000683462,35.21146128149797,11.770248917443364,35.649800047407126,5.485204970864011,578.7360248512277
QuantumWizardXP,Australia,76561198000199534,34.45961931752967,13.664390524735165,37.36684324701071,2.226962043188511,437.5807403475482
SilentMoose3751,Portugal,76561198000526626,35.200539409318985,13.667808875387266,38.48704924855169,4.201622286914233,554.9946735912697
CrimsonHero9298,New Zealand,76561198000520802,32.16950679871159,14.970181074130446,37.67395273856423,2.285173944887964,428.3565308022928
FriendlyPlayer4734,South Korea,76561198000559772,33.518196813999246,12.509253453525044,37.59928908739349,3.5226757598626595,425.7287739291025
SunnyDragon7935,Argentina,76561198000225040,35.523019620716326,12.405770450141056,37.378271013194265,4.541244969129275,542.0498309594356
BraveNinja,Portugal,76561198000213947,34.66599032199544,13.263717676034362,39.86023443032663,3.639526935,470.38314617236114
SilentPlayer7378,South Africa,76561198000278517,32.609839573389635,13.71070130045925,37.16646339192148,3.062818810803233,445.5455496511082
HappyGoblin4575,Brazil,76561198000475477,34.70088553901973,14.471577671948916,38.0716432,2.8790764968915394,493.55683370047706
LuckyTiger2928Live,Belgium,76561198000718072,34.81173340621725,12.186808718643787,37.29889307823573,4.801996499354755,536.3216100850124
SneakyFalcon5113,Germany,76561198000180236,35.33667722314705,12.246812606011584,39.68258378408295,2.5947616690074846,409.9583359406166
QuantumRaccoon,France,76561198000787224,32.06132515671613,13.357638107209011,37.16604163340145,4.589330841235956,488.5554580579016
TinyComet4521,United Kingdom,76561198000980303,34.06976829928679,12.764325958658198,37.87502580891776,4.016051017,488.64623174384167
CosmicLlama,United States,76561198000144640,35.60624245261783,12.761883803681748,39.12651979793058,2.320810618152444,403.1671222237256
CosmicTiger,Portugal,76561198000588839,35.23824191192028,12.550300110865926,36.769329630500295,4.683143661726128,552.0230017027826
BraveKoala,Canada,76561198000426824,33.04781463313985,13.482669924970503,36.53602453030416,3.893902788069372,498.38955775884335
CozyWizard,Netherlands,76561198000166757,31.97167564388777,12.731364294077403,37.074551140168914,4.9263640805293125,495.6386097568927
TurboKnight,Hong Kong,76561198000764076,34.60685082311888,13.21407374586628,38.198427822725975,3.405238361446573,480.2474167840931
NimbleMoose3479,Singapore,76561198000875941,34.44812500934655,12.903756682535942,37.87454360467994,3.282757828499416,463.65651893471335
BrightGoblin,Netherlands,76561198000993482,34.36938093820547,13.222483941893726,37.35523488364423,3.947017792790689,516.5024796636585
NimbleFalcon2742,Spain,76561198000258293,34.452295280190306,13.005916370756166,37.53409567089256,5.212233578509766,577.4776071703129
DizzyPenguin,Australia,76561198000122960,33.90469244491627,12.91374515283876,37.058647603220486,1.7281124234144234,358.85798360521926
SunnyTiger9936,France,76561198000822034,36.63085386109822,13.125401967944384,39.18776368086846,4.519051426800219,598.7398788791847
PixelWizard,Australia,76561198000965926,33.24635,12.30555143041474,38.13312675937632,2.207389728675732,328.37795258965207
GoldenQuest,Netherlands,76561198000338959,35.69559119111866,12.608997070875462,38.68487727530606,3.663091931073757,511.4013884525048
CozyNova12,India,76561198000147213,35.34392190842758,12.693058197072652,37.81293412550146,3.947092896136896,511.50147847479735
LuckyKoala5724,India,76561198000272810,34.68093694960616,12.201569884684467,38.83544772741218,2.708813678005546,404.8195198321978
GoldenTigerLive,Philippines,76561198000790394,33.06091439841006,13.625432642053951,36.53914242750509,5.912357839551379,628.6033187
MagicFrogMain,Peru,76561198000724199,34.431097102487136,14.35063168445937,38.96597162275134,3.268851943263104,511.6617922
NeonPlayer4521,Japan,76561198000368132,34.23765998436727,14.566159613087605,37.4179848,4.246572973103466,574.8474377162277
HappyFalcon,Belgium,76561198000046743,35.70252897286158,12.695736293481328,38.19026771,4.076525915259465,530.0490041294304
SilverPenguin3927,Spain,76561198000534794,33.64677668060689,12.499409061002083,39.33257633196044,5.458264472618698,552.6201454762476
PixelPhoenix5083,Argentina,76561198000551910,34.322501051305466,13.391422991118318,37.84008572976701,2.836484668112853,457.4695101
CozyPenguinTV,Germany,76561198000917665,34.71598091844986,13.418808324753911,36.771016191612965,3.235159567082275,498.7786422156802
